{"cameraMode":{"drawMode":0,"name":"Shaded","section":"Shading Mode"},"sceneLighting":false,"audioPlay":false,"sceneViewState":{"showFog":true,"showMaterialUpdate":false,"showSkybox":false,"showFlares":true,"showImageEffects":true,"showParticleSystems":true},"in2DMode":false,"pivot":{"x":-9.212921142578125,"y":3.4224352836608888,"z":17.100086212158204},"rotation":{"x":-7.348372133009207e-9,"y":-0.6739188432693481,"z":1.811316785449435e-8,"w":0.7388060092926025},"size":4.974290370941162,"orthographic":false}